slug,created_at,title,excerpt,category,content,draft
acvariu-colegiul-national,2026-02-25T00:00:00.000Z,Prezentare Noul Acvariu Al Scolii,"Anul acesta am ales să populăm acvariul cu pești, întrucât anul trecut l-am avut pe vestitul Kemy, care a căpătat repede faimă în școală. Dorim să avem diversitate, astfel am zis să schimbăm și să aducem pești",Prezentare,"![](/gallery/acvariu-colegiul-national/Acvariul_din_Colegiul_National-1_1_of_19.webp)
![](/gallery/acvariu-colegiul-national/Acvariul_din_Colegiul_National-1_2_of_19.webp)
![](/gallery/acvariu-colegiul-national/Acvariul_din_Colegiul_National-1_3_of_19.webp)
![](/gallery/acvariu-colegiul-national/Acvariul_din_Colegiul_National-1_4_of_19.webp)
![](/gallery/acvariu-colegiul-national/Acvariul_din_Colegiul_National-1_5_of_19.webp)
![](/gallery/acvariu-colegiul-national/Acvariul_din_Colegiul_National-1_6_of_19.webp)
![](/gallery/acvariu-colegiul-national/Acvariul_din_Colegiul_National-1_7_of_19.webp)
![](/gallery/acvariu-colegiul-national/Acvariul_din_Colegiul_National-1_8_of_19.webp)
![](/gallery/acvariu-colegiul-national/Acvariul_din_Colegiul_National-1_9_of_19.webp)
![](/gallery/acvariu-colegiul-national/Acvariul_din_Colegiul_National-1_10_of_19.webp)
![](/gallery/acvariu-colegiul-national/Acvariul_din_Colegiul_National-1_11_of_19.webp)
![](/gallery/acvariu-colegiul-national/Acvariul_din_Colegiul_National-1_12_of_19.webp)
![](/gallery/acvariu-colegiul-national/Acvariul_din_Colegiul_National-1_13_of_19.webp)
![](/gallery/acvariu-colegiul-national/Acvariul_din_Colegiul_National-1_14_of_19.webp)
![](/gallery/acvariu-colegiul-national/Acvariul_din_Colegiul_National-1_15_of_19.webp)
![](/gallery/acvariu-colegiul-national/Acvariul_din_Colegiul_National-1_16_of_19.webp)
![](/gallery/acvariu-colegiul-national/Acvariul_din_Colegiul_National-1_17_of_19.webp)
![](/gallery/acvariu-colegiul-national/Acvariul_din_Colegiul_National-1_18_of_19.webp)
![](/gallery/acvariu-colegiul-national/Acvariul_din_Colegiul_National-1_19_of_19.webp)",
acvariu-nou,2026-01-15T00:00:00.000Z,Noul Acvariu al școlii,"Anul acesta am ales să populăm acvariul cu pești, întrucât anul trecut l-am avut pe vestitul Kemy, care a căpătat repede faimă în școală. Dorim să avem diversitate, astfel am zis să schimbăm și să aducem pești",Informational,"### Cum am ajuns să readucem acvariul școlii la viață?

Păi scopul nostru este de a oferi șansa tuturor să admire diverse viețuitoare, în cazul nostru țestoase sau pești. Anul acesta am ales să populăm acvariul cu pești, întrucât anul trecut l-am avut pe vestitul **Kemy**, care a căpătat repede faimă în școală. Dorim să avem diversitate, astfel am zis să schimbăm și să aducem **pești**.

### Care au fost pașii?

Mai întâi am curățat acvariul de reziduurile rămase de anul trecut. Nu este un proces complicat, niște apă și niște cârpe își fac treaba. După aceea, am achiziționat pietriș, plante, filtru, soluții pentru apă. Am așezat cu grijă pietrișul, am luat plante ce aveau și melci acvatici pe ele și le-am împământat ușor, dar bine. După aceea am adăugat decorațiuni. Am fixat filtrul și am umplut acvariul cu apă.

Acesta este momentul în care am lăsat acvariul să se **cicleze**.

-   **Ce este ciclarea?**  
    Pe scurt, acvariul își formează anumite bacterii în el care echilibrează nivelul de oxigen, CO₂ etc.
    
-   **Cum am grăbit ciclarea?**  
    Apa pe care am pus-o a fost luată dintr-un acvariu deja ciclat, adică apă cu bacterii deja formate în ea. Astfel, am lăsat acvariul în pace, cu filtrul pornit și lumina regulată, până nu s-au mai format alge, iar plantele erau prinse și făceau fotosinteză. Cât a durat? Aproximativ **o lună**.
    

### Ce urmează?

A urmat să achiziționăm peștii, inițial 2 **betta**, o femelă și un mascul. Ei doi sunt motivul pentru care acvariul are așa de multe plante, pentru ca femela să se poată ascunde de mascul, întrucât masculul are intenția de a **o omorî**. Am continuat în jur de 2 săptămâni cu 2 pești, dar am realizat că un acvariu așa de mare, ce are doar 2 pești, nu este așa de fascinant, astfel am ajuns la concluzia că trebuie să mai adăugăm. Așadar, am adus **2 sanitari**, pentru a întreține apa prin curățarea reziduurilor ce ajung pe fundul acvariului, și **5 zebre** pentru a aduce energie în acvariu.

### Ce planuri avem?
Vrem să aducem mulți pești, să fie un adevărat ecosistem, cu diverse specii, demne de admirat de elevii Colegiului Național.

Mulți sunt curioși unde este **Kemy** și de ce nu îl mai aducem. Kemy a crescut, puțin cam mare pentru acvariul școlii. Astfel, broscuța a rămas la Alex acasă, într-un pond natural, alături de **Galbenus**. Probabil că acum hibernează, întrucât este sezonul.

### Ce rugăminți avem?

**NU** mai umblați la acvariu fără supravegherea lui Alex sau a lui Ioachim, întrucât ei, alături de doamna profesoară Bohotineanu, muncesc foarte mult pentru a-l întreține. Au fost cazuri în care a fost perturbat ciclul acvariului, stricând ecosistemul. Mulțumim! Iată și câteva poze cu speciile acvariului, în caz că nu ați avut ocazia să le admirați fizic.

![](/gallery/acvariu-nou/acvariu_full.webp)
![](/gallery/acvariu-nou/femela_beta_(2).webp)
![](/gallery/acvariu-nou/femela_beta.webp)
![](/gallery/acvariu-nou/mascul_beta_si_zebra.webp)
![](/gallery/acvariu-nou/sanitar.webp)
![](/gallery/acvariu-nou/sanitar_(2).webp)
![](/gallery/acvariu-nou/sanitar_(3).webp)
![](/gallery/acvariu-nou/snail.webp)
![](/gallery/acvariu-nou/zebra.webp)
![](/gallery/acvariu-nou/zebra_(2).webp)
>photo by Diaconu Ioachim",
azalee-camelii,2025-04-09T00:00:00.000Z,Expoziție Azalee & Camelii,"GRĂDINA BOTANICĂ „ANASTASIE FĂTU” IAȘI este cea mai veche grădină botanică din România, fondată în 1856 de medicul și naturalistul Anastasie Fătu. Se întinde pe aproximativ 100 de hectare, fiind una dintre cele mai mari din țară.",Informational,"**GRĂDINA BOTANICĂ „ANASTASIE FĂTU” IAȘI** este cea mai veche grădină botanică din România, fondată în 1856 de medicul și naturalistul Anastasie Fătu. Se întinde pe aproximativ 100 de hectare, fiind una dintre cele mai mari din țară. Grădina include 12 sere care adăpostesc specii tropicale, subtropicale și mediteraneene, printre care: orhidee, plante carnivore, bonsai, cactuși

Aici sunt organizate expoziții tematice anuale, cele mai cunoscute fiind **„Flori detoamnă”**, unde sunt expuse crizanteme și dovleci decorativi, și **„Flori de primăvară”**, dedicată lalelelor, narciselor și zambilelor.

Printre cele mai apreciate atracții se numără Grădina japoneză, sectorul de plante medicinale și lacul cu nuferi.

![photo by Ilinca Fronea](/gallery/articol-azalee/azalee-v1-(2).webp)
>photo by Ilinca Fronea

# CARACTERISTICILE SPECIEI:
Face parte din genul Rhododendron, dar este clasificată în două subgenuri:
- Pentanthera (azalee căzătoare)
- Tsutsuji (azalee sempervirescente)

Răspândire: Asia, Europa, America de Nord

Înflorirea sincronizată – toate florile apar simultan, într-o explozie de culoare.

Preferă un sol acid, cu un pH cuprins între 4,5 și 6,0, bogat în materie organică.

Azaleele preferă temperaturi cuprinse între 15 și 24°C.

![photo by Ana-Maria Ionescu](/gallery/articol-azalee/azalee-v2.webp)
(Toxicitate: Frunzele și florile conțin grayanotoxine, periculoase pentru oameni și animale.)
![photo by Ana-Maria Ionescu](/gallery/articol-azalee/Azalee-v3.webp)
(Dimensiunea arbuștilor variază dela 30 cm până la 2,5m.)
>photo by Ana-Maria Ionescu

Forma florilor poate fi simplă, dublă, în formă de trompetă sau cu margini ondulate. 

Florile de azalee pot avea o gamă variată de culori:
- **Roz** – una dintre cele mai comune culori, variind de la rozpal la roz intens.
- **Roșu** – vibrant
- **Alb** – simbol al purității, foarte apreciate în peisagistică.
- **Portocaliu și galben** – mai rare, dar extrem de spectaculoase.

![](/gallery/articol-azalee/Azalee-v4.webp)
![](/gallery/articol-azalee/Azalee-v5.webp)
![](/gallery/articol-azalee/Azalee-v6.webp)

## ÎNGRIJIREA PLANTEI

Pentru a menține o formă compactă și pentru a stimula o creștere sănătoasă, tunderea azaleelor se efectuează după perioada de înflorire. Se recomandă îndepărtarea ramurilor uscate sau slab dezvoltate, având grijă să nu se taie mugurii noi care vor forma florile viitoare. Una dintre cele mai frecvente probleme întâlnite la azalee este cloroza, manifestată prin îngălbenirea frunzelor, cauzată de lipsa nutrienților sau de un pH nepotrivit al solului. Pentru a preveni și trata această afecțiune, este esențială monitorizarea și ajustarea condițiilor de sol și fertilizare.

Azaleea este o plantă care preferă locurile semiumbrite sau umbrite, ferite de lumina directă a soarelui. Udarea plantei se poate face cu apă de ploaie sau necalcaroasă, la temperatura camerei. Azaleele pot fi plantate lângă conifere, precum brad sau tuia, dar sunt compatibile și în vecinătatea laurilor de munte, tufișului de lăcrămioare, dragila japoneză, spanz, ghiocei sau narcise.

![Photos by Ilinca Fronea](/gallery/articol-azalee/Azalee-v7.webp)
![Photos by Ilinca Fronea](/gallery/articol-azalee/Azalee-v8.webp)
>photo by Ilinca Fronea
![Photos by Ayana Sălceanu](/gallery/articol-azalee/Camelii-v1.webp)
>photo by Ayana Sălceanu

## CARACTERISTICILE SPECIEI
- Face parte din familia Theaceae și este originară din Asia de Est. Include mai multe specii, cea mai cunoscută fiind Camellia japonica.
- Preferă soluri acide, bine drenate, bogate în humus, cu un pH cuprins între 5,5 și 6,5.
- Înflorește la finalul iernii - începutul primăverii.
- Preferă un climat temperat; adaptabilă la condiții de temperaturi scăzute. Totuși, este recomandată protejarea plantei de vânturile reci, în special în sezonul rece.

Toxicitate: nu sunt toxice pentru oameni și animale. ![Photos by Amelia Dumitrașcu](/gallery/articol-azalee/Camelii-v2.webp)
>photo by Amelia Dumitrașcu

Dimensiunea arbuștilor variază de la 50 cm până la 6 m. ![Photos by Ayana Sălceanu](/gallery/articol-azalee/Camelii-v3.webp)
>photo by Ayana Sălceanu

## Structura florii și polenizarea:
- Petale mari, cu un centru compus din stamine și pistil.
- Polenizarea asigură fertilizarea florilor și formarea semințelor.
- Frunze persistente, verzi, lucioase, cu margini ușor dințate.
- Flori mari, solitare, simple sau duble, în nuanțe de alb, roz și roșu.

Tăierile nu sunt necesare în mod regulat, dar este recomandată îndepărtarea florilor ofilite și a ramurilor uscate pentru menținerea unui aspect estetic plăcut. Dacă este necesară corectarea formei, aceasta se realizează imediat după înflorire.

## Îngrijirea speciei:
- Este esențială menținerea unui substrat moderat umed, evitând atât uscarea excesivă, cât și stagnarea apei, care poate provoca putrezirea rădăcinilor.
- Se recomandă utilizarea apei necalcaroase (de ploaie sau filtrată), deoarece un conținut ridicat de calcar poate afecta negativ planta.
- Aplicarea unui îngrășământ special pentru plante acidofile (azalee, magnolii) în perioada de creștere activă, primăvara și vara, contribuie la dezvoltarea armonioasă a cameliei. Se evită fertilizanții care conțin calciu, deoarece aceștia pot modifica pH-ul solului.

![Photos by Ilinca Fronea](/gallery/articol-azalee/Camelii-v4.webp)
![Photos by Ilinca Fronea](/gallery/articol-azalee/Camelii-v5.webp)
>photo by Ilinca Fronea

Există peste 3.000 de varietăți de Camellia japonica, multe dintre ele dezvoltate special pentru frumusețea florilor sau rezistență la boli.

Planta este extrem de longevivă, existând exemplare celebre care depășesc vârsta de 500 de ani.

Florile de camelie nu au un parfum foarte intens, ceea ce contrastează cu aspectul lor spectaculos.

![Photos by Ayana Sălceanu](/gallery/articol-azalee/Camelii-v6.webp)
>photo by Ayana Sălceanu

## ȘTIAȚI CĂ...?

- Uleiul extras din semințele de camelie (uleiul de Tsubaki) este utilizat în industria cosmetică și farmaceutică pentru proprietățile sale hidratante și antioxidante, fiind apreciat în îngrijirea pielii și părului.

- În medicina tradițională asiatică, frunzele de camelie sunt folosite datorită conținutului bogat în compuși antioxidanți și antiinflamatori, având potențial terapeutic.

- Cercetări recente sugerează că extractele din frunze și flori de camelie prezintă efecte antibacteriene și antiinflamatorii, fiind studiate pentru dezvoltarea unor noi produse farmaceutice.

##  POZE DIN GRADINA

![](/gallery/articol-azalee/Expozitie-v1.webp)
![](/gallery/articol-azalee/Expozitie-v2.webp)
![](/gallery/articol-azalee/Expozitie-v3.webp)
![](/gallery/articol-azalee/Expozitie-v4.webp)
![](/gallery/articol-azalee/Expozitie-v5.webp)
![](/gallery/articol-azalee/Expozitie-v6.webp)
![](/gallery/articol-azalee/Expozitie-v7.webp)
![](/gallery/articol-azalee/Expozitie-v8.webp)",
biologie-altfel-9c,2026-02-03T00:00:00.000Z,Biologia Altfel: Analiza Microscopica,"În cadrul activităților desfășurate în Săptămâna Altfel, elevii clasei a 9-a C din cadrul instituției de învățământ Colegiul Național Iaşi, sub îndrumarea doamnei profesor Ioana Bohotineanu, au avut ocazia de a explora lumea invizibilă ochiului liber prin intermediul microscopului optic.",Activitate,"Microscopul – o fereastră spre înțelegerea vieții
În cadrul activităților desfășurate în Săptămâna Altfel, elevii clasei a 9-a C din cadrul instituției de învățământ Colegiul Național Iaşi, sub îndrumarea doamnei profesor Ioana Bohotineanu, au avut ocazia de a explora lumea invizibilă ochiului liber prin intermediul microscopului optic. Această experiență nu a fost doar una practică, ci și una profund formativă, stimulând curiozitatea, gândirea critică și capacitatea de a înțelege complexitatea vieții la nivel microscopic.
Analiza microscopică a început cu rădăcina de Ipomoea și  rădăcina de Zea mays, două structuri vegetale aparent simple, dar care, privite la obiectiv, dezvăluie o organizare internă riguroasă. Rădăcina de Ipomoea prezintă o structură tipică dicotiledonatelor, cu vase conducătoare dispuse radial. Această organizare asigură un transport eficient al apei și substanțelor nutritive. Țesuturile conducătoare, celulele parenchimatice și dispunerea ordonată a acestora demonstrează adaptarea plantelor la mediul de viață. Rădăcina de Zea mays, plantă monocotiledonată cu celule alungite, se remarcă prin prezența unui fascicul conducător dispersat și lipsa cambiumului( țesut meristematic). 
Studiul a continuat cu stomatele de Vicia și frunza de pin- stomatele de Vicia sunt formate din două celule de gardă care controlează schimburile gazoase și transpirația. Prin deschiderea și închiderea lor, planta reglează pierderile de apă și schimbul de oxigen și dioxid de carbon. Observarea stomatelor evidențiază rolul esențial al frunzei în respirația și fotosinteza plantelor, iar frunza de pin are o structură adaptată mediilor uscate, prezentând cuticulă groasă, stomate adâncite și țesut de susținere bine dezvoltat. Aceste adaptări reduc pierderile de apă și protejează frunza de condiții nefavorabile.
Un moment important al activității l-a reprezentat secțiunea prin tulpină , ce permite identificarea țesuturilor fundamentale: epidermă, parenchim, țesuturi conducătoare. Dispunerea acestora variază în funcție de tipul plantei, dar rolul lor comun este susținerea, protecția și transportul substanțelor. Această observație ajută la înțelegerea funcționării integrale a plantelor.
Trecerea la probele de origine animală a adus o nouă perspectivă. Sângele de pește a permis observarea celulelor care asigură transportul oxigenului dizolvat în apă către țesuturi. Prezența nucleului diferențiază sângele peștilor de cel al mamiferelor și reflectă diversitatea adaptărilor fiziologice din regnul animal. Țesutul muscular striat scheletic de la câine este alcătuit din fibre alungite, multinucleate, cu striații transversale vizibile. Acest tip de țesut este responsabil de mișcările voluntare ale corpului.  Țesutul nervos a fost, poate, cel mai fascinant, având rolul de a recepționa și transmite impulsuri nervoase. Neuronii prezintă prelungiri specializate – dendrite și axon – care permit comunicarea rapidă. 
Activitatea s-a încheiat cu analiza rețelei testiculare cu celule diploide de la iepure, un exemplu relevant pentru înțelegerea proceselor de reproducere și continuitate a vieții. 
Această observație a pus în lumină responsabilitatea științei în explicarea și respectarea mecanismelor fundamentale ale existenței.
Privind prin ocularul microscopului, noi, elevii, nu am văzut doar celule și țesuturi, ci am înțeles cât de complexă și fragilă este viața. Activitatea a încurajat gândirea critică, punerea de întrebări și dorința de a căuta explicații, transformând învățarea într-un proces activ și conștient.
Săptămâna Altfel a demonstrat astfel că educația nu înseamnă doar acumulare de informații, ci și formarea unei perspective asupra lumii. Microscopul a devenit o punte între teorie și realitate, între știință și emoție, oferindu-ne o lecție care va rămâne mult timp în memoria noastră.
![](/gallery/biologie-altfel-9c/biologie-altfel-9c1-of-17.webp)
![](/gallery/biologie-altfel-9c/biologie-altfel-9c3-of-17.webp)
![](/gallery/biologie-altfel-9c/biologie-altfel-9c4-of-17.webp)
![](/gallery/biologie-altfel-9c/biologie-altfel-9c5-of-17.webp)
![](/gallery/biologie-altfel-9c/biologie-altfel-9c6-of-17.webp)
![](/gallery/biologie-altfel-9c/biologie-altfel-9c7-of-17.webp)
![](/gallery/biologie-altfel-9c/biologie-altfel-9c8-of-17.webp)
![](/gallery/biologie-altfel-9c/biologie-altfel-9c9-of-17.webp)
![](/gallery/biologie-altfel-9c/biologie-altfel-9c10-of-17.webp)
![](/gallery/biologie-altfel-9c/biologie-altfel-9c11-of-17.webp)
![](/gallery/biologie-altfel-9c/biologie-altfel-9c12-of-17.webp)
![](/gallery/biologie-altfel-9c/biologie-altfel-9c13-of-17.webp)",
elevi-studenti-rezidenti-vis,2025-01-09T00:00:00.000Z,"Elevi, studenți și rezidenți: etapele îndeplinirii unui vis","Dorința de a deveni medic, de a salva vieți și de a îmbunătăți considerabil traiectoria existenței unui individ și, implicit, a unei comunități, se materializează, după cum este bine cunoscut, printr-o muncă perpetuă, întinsă pe parcursul a mulți ani de studiu",Activitate,"Dorința de a deveni medic, de a salva vieți și de a îmbunătăți considerabil traiectoria existenței unui individ și, implicit, a unei comunități, se materializează, după cum este bine cunoscut, printr-o muncă perpetuă, întinsă pe parcursul a mulți ani de studiu. Astfel, programul „Săptămâna altfel” din cadrul Colegiului Național Iași debutează, pentru pasionații de medicină, cu o întâlnire marcată de sinceritate, presărată cu informații semnificative și încununată de emoția îndeplinirii aceluiași vis: de a deveni medic.

Cele câteva ore petrecute în sala de festivități a liceului au însemnat, pentru elevii prezenți, o pătrundere atât de mult râvnită în universul medicinei din cadrul Universității de Medicină și Farmacie „Grigore T.Popa” din Iași. Atât studenți din cel de-al doilea și al treilea an de studiu, cât și rezidenți în domenii precum neurologie (medic rezident Iacob Agnes), endocrinologie (medic rezident Tarcău Olivia), cardiologie (medic rezident Alexandra Zăvoi) și dermatologie (medic rezident Tarcău Bogdan), au vorbit despre parcursul lor, au prezentat facultatea și specializările alese și au răspuns tuturor curiozităților, plasându-i pe tineri în orizontul cunoașterii mai detaliate a carierei pe care doresc să o urmeze. Astfel, subiectele atinse au inclus prezentarea instituției, atât ca universitate, cât și ca facultate, atenția concentrându-se, în prima parte a întâlnirii, asupra unor aspecte organizatorice și generale, precum examenul de admitere, repartizarea în serii și grupe și schimbarea acestora pe parcursul anilor, practicile obligatorii din gărzi și încurajarea elevilor, odată deveniți studenți, de a se implica în voluntariatele organizate de Societatea Studenților Mediciniști Iași (SSMI) și Societatea Studențească de Chirurgie din România (SSCR). Totodată, partea teoretică a întâlnirii a fost dublată de una practică, prezentându-se fotografii și înregistrări sugestive cu diverse experimente din laboratoarele facultății. De asemenea, sesiunea de întrebări și răspunsurile oferite de rezidenții specializați în anumite domenii și studenții care încă trăiesc experiența facultății au satisfăcut curiozitățile elevilor, oferindu-le șansa de a se informa, dintr-un cadru neoficial, și de a-și alimenta dorința prin puterea sinceră a exemplelor unor cariere încununate de succes.

Astfel, activitatea a însemnat, pentru aspiranții la titlul de medic, o călătorie în propriul viitor, dar și un mijloc de cunoaștere, înțelegere și conștientizare a efortului necesar îndeplinirii acestui vis. Din clasa a XI-a D, Cezara Zeiț afirmă următoarele: „Activitatea a fost specifică pentru cei ce vor la UMF, fiind elevi target, iar noi am reușit să ne înțelegem între noi. Nimeni nu s-a plictisit, toată lumea a fost acolo. Toate curiozitățile au fost satisfăcute, atât pe partea de specializare, cât și pe cea de facultate. Îi invităm să mai vină și anul viitor.” Din perspectiva aproape absolvenților de liceu, care își doresc să studieze medicina, Alexandra Iațco, din clasa a XII-a A spune despre această activitate că „A fost o activitate foarte interesantă, care mi-a oferit multiple perspective asupra specializarilor posibile după terminarea facultății de medicină. Am fost introduși în lumea dermatologiei, endocrinologiei, neurologiei și cardiologiei, arătânduni-se anumite studii de caz și explicânduni-se ce presupune fiecare dintre acestea, pe înțelesul nostru. M-a impresionat pasiunea fiecărui domn/ doamnă doctor, care erau evident fascinați de domeniul ales. Prezentările m-au provocat să meditez încă de pe acum asupra viitoarei mele cariere, deși va mai trece ceva timp până când mă voi afla în fața unei astfel de decizii.”

![](/gallery/elevi-studenti-rezidenti-vis/group_pic1.webp)
![](/gallery/elevi-studenti-rezidenti-vis/group_pic2.webp)
![](/gallery/elevi-studenti-rezidenti-vis/scena.webp)
![](/gallery/elevi-studenti-rezidenti-vis/slides.webp)",
medici-fara-frontiere,2026-04-15T00:00:00.000Z,Medici fara frontiere,"Médecins Sans Frontières (MSF), cunoscută în română drept Medici Fără Frontiere, este una dintre cele mai importante organizații umanitare din lume. Aceasta a fost fondată în decembrie 1971, în Franţa, de către un grup de medici şi jurnalişti, în contextul războiului şi al foametei din Biafra, Nigeria. Inițiativa lor a pornit din dorinţa de a crea o organizație independentă, capabilă să ofere rapid şi imparţial ajutor medical de urgență celor aflați în nevoie.",Informational,"![](/gallery/medici-fara-frontiere/Medecins-Sans-Frontieres-1-of-3.webp)
![](/gallery/medici-fara-frontiere/Medecins-Sans-Frontieres-2-of-3.webp)
![](/gallery/medici-fara-frontiere/Medecins-Sans-Frontieres-3-of-3.webp)",
ochiul-prin-ochii-nostri,2026-02-19T00:00:00.000Z,"Ochiul, prin ochii noștri","Pentru clasa a X-a C, fiecare oră este „altfel”, astfel încât programul „Biologia altfel” se prelungește, în timp ce asupra celorlalte clase norișorul gri al școlii „normale” poposește până la următoarea vacanță.",Activitate,"Pentru clasa a X-a C, fiecare oră este „altfel”, astfel încât programul „Biologia altfel” se prelungește, în timp ce asupra celorlalte clase norișorul gri al școlii „normale” poposește până la următoarea vacanță. După un test… solicitant, în ultima oră a modulului trei am efectuat disecția pe ochiul de bovină (da, am reușit să dezghețăm ochii!). 
În urma vizionării videoclipului de pe canalul de Youtube AlphaVega ne-am echipat cu mănuși și curaj și am urmat îndeaproape indicațiile pe care le-am văzut, și care au fost detaliate și explicate de doamna profesoară de biologie. 

Distribuția:

- Prima bancă de la ușă (Luca Fetcu, Matei Vasiliu, Ioana Popa) – curățatul ochiului de grăsime a durat puțin mai mult decât a fost prevăzut, însă au excelat în secționarea sclerei, coroidei și retinei.

![](/gallery/ochiul-prin-ochii-nostri/prima_poza.webp)		

- Prima bancă de la geam (Francesca Farcaș, Tănase Ștefan, Luca Ciobanu, Matia Galan) – au ținut sus moralul echipajului, anticipând „explozia” corpului vitros în urma penetrării scleroticii.

- A doua bancă de la ușă (Sabina Brișan, Teodora Prescorniță, Cristiana Georgescu, Teodora Bondar) – au fost cea mai rapidă echipă, reușind să efectueze disecția pe doi ochi.
- A doua bancă de la geam (Ion Cotea, Nectarie Rusu, Toma Dumitriu, Andrei Popa) – s-au remarcat prin munca în echipă excelentă, finalizată cu obținerea unor rezultate finisate, exacte, chiar „matematice”. 

![](/gallery/ochiul-prin-ochii-nostri/doua_poza.webp)
>Știați că cristalinul este biconvex și asimetric, chiar dacă poate părea perfect sferic?

- A treia bancă de la ușă (Gabriel Zaharia, Teodora Zlăvog, Andrei Bălan, Diana Dăscălița) – în pofida pierderii nervului optic în procesul de curățare a globului ocular de grăsime și câteva organe anexe (gene și conjunctivă, aparținând aparatului de protecție, și mușchii extrinseci, aparținând aparatului motor), atmosfera a fost destinsă de anecdote literare și disecția a fost acompaniată de un spirit ascuțit de observație.
- A treia bancă de la geam (Domnul Matei Vuza, Claudia Chiriac, Ioana Rusu și Maria Abalașei) – experiența vastă a membrilor echipajului a generat un rezultat aproape perfect și cu adevărat „instagramabil”
- A patra bancă de la geam (Andrei Caba, Iustin Buga, Andrei Burtea) – ultimii, dar nu cei din urmă, au fost „gardienii timpului”, rafinându-și tehnica până în ultima secundă pentru a se asigura că structura biconvexă a cristalinului este pusă în lumină exact așa cum merită: impecabil.

Echipa de producție: 

Cameraman: Tudor Apescăriței
Regizor: Prof. Ioana Bohotineanu

La final, toți membrii echipajului au completat fișa corespunzătoare lucrării de laborator, prilej cu care am observat cum cristalinul, dacă este pus peste scris de tipar, îl mărește, asemănându-se cu o lupă. 
Chiar dacă sunetul clopoțelului care anunța pauza mare ne ademenea către alte activități, nu am uitat să curățăm instrumentele, să le așezăm în trusa de disecție și să ștergem mesele, lăsând laboratorul într-o curățenie impecabilă.
Mai jos, vă prezentăm fotografiile făcute de dragul nostru coleg Tudor, care a surprins atmosfera entuziastă din laboratorul de biologie.

![](/gallery/ochiul-prin-ochii-nostri/cincia_poza.webp)
![](/gallery/ochiul-prin-ochii-nostri/patra_poza.webp)
![](/gallery/ochiul-prin-ochii-nostri/treia_poza.webp)",
polenizarea-noctura,2026-02-13T00:00:00.000Z,Polenizarea nocturnă,"În timp ce albinele și fluturii atrag adesea cea mai mare atenție, polenizatorii nocturni, precum moliile, liliecii și gândacii , joacă un rol la fel de esențial în menținerea sănătății ecosistemelor.",Informational,"În timp ce albinele și fluturii atrag adesea cea mai mare atenție, polenizatorii nocturni, precum moliile, liliecii și gândacii, joacă un rol la fel de esențial în menținerea sănătății ecosistemelor. Acești „lucrători ai nopții” polenizează culturi agricole și plante sălbatice sub acoperirea întunericului, uneori mai eficient decât partenerii lor activi ziua. Abia începem să înțelegem pe deplin importanța acestor vizitatori nocturni ai florilor pentru polenizarea plantelor sălbatice și cultivate.

Un studiu a sugerat că moliile sunt polenizatori mai eficienți decât se credea anterior, datorită abdomenelor cu perișori, de unde cercetătorii au colectat probe de polen. Polenul de pe toate speciile de molii analizate a fost îndepărtat folosind un ac special scufundat într-un amestec de glicerină și jeleu cu fuxină, un colorant care evidențiază pereții externi ai granulelor de polen și facilitează observarea lor la microscop.

În contextul îngrijorărilor tot mai mari legate de declinul insectelor polenizatoare sălbatice, precum albinele și fluturii, cercetători de la Universitatea Sussex au demonstrat că moliile sunt polenizatori deosebit de importanți pentru ecosistemele naturale.Studiind 10 terenuri din sud- estul Angliei în iulie 2021, cercetătorii au constatat că 83% dintre vizitele insectelor la florile de mărăcini au avut loc în timpul zilei. Deși moliile au realizat doar 15% dintre vizite pe durata nopților scurte de vară, ele au reușit să polenizeze florile mai rapid.Ca urmare, cercetătorii au concluzionat că moliile sunt polenizatori mai eficienți decât insectele diurne, precum albinele, considerate tradițional extrem de harnice. Deși insectele active ziua dispun de mai mult timp pentru transferul polenului, moliile contribuie semnificativ în intervalele scurte de activitate nocturnă.

La fel ca alți polenizatori, moliile au evoluat odată cu cu plantele, iar atât insectele, cât și plantele prezintă trăsături adaptate reciproc. Unele flori se deschid seara și își intensifică parfumul pe timpul nopții pentru a atrage moliile, care se bazează puternic pe miros pentru a găsi hrană și parteneri. Aceste flori sunt frecvent albe sau deschise la culoare, reflectând lumina lunii și devenind astfel vizibile polenizatorilor nocturni.

Yucca reprezintă un exemplu remarcabil de relație plantă–polenizator interdependentă. Plantele din genul Yucca sunt polenizate exclusiv de molii din genurile Tegeticula sau Parategeticula, iar larvele acestor molii se hrănesc numai cu semințele de yucca. În mod fascinant, femelele polenizează intenționat florile: colectează polen de la planta pe care s-au împerecheat, zboară către un alt exemplar, depun polenul și își depun ouăle. Această relație este atât de strânsă încât multe specii de yucca depind de o singură specie de molie pentru finalizarea ciclului lor de viață și invers.

Atât polenizatorii diurni, cât și cei nocturni se confruntă cu numeroase amenințări, inclusiv pierderea habitatului,expunerea la pesticide, boli și specii invazive. O amenințare specifică polenizatorilor nocturni este poluarea luminoasă. Lumina artificială dezorientează moliile și le poate afecta capacitatea de a găsi parteneri, de a evita prădătorii și de a poleniza plantele. Un studiu recent a arătat că vizitele nocturne la flori scad cu 62% în zonele iluminate artificial. În plus, poluarea aerului poate perturba comunicarea bazată pe miros. Pentru a proteja acești polenizatori, este recomandată reducerea iluminatului inutil, limitarea poluării aerului și susținerea inițiativelor pentru cer întunecat.

### Polenizarea nocturnă realizată de gândaci

Când ne gândim la polenizatori, ne vin în minte albinele, fluturii sau colibrii. Totuși, grupul polenizatorilor este mult mai divers și include numeroase specii de gândaci. Ordinul Coleoptera este cel mai numeros din regnul animal, cu peste 300.000 de specii descrise, aproximativ 40% dintre insectele cunoscute. Pe lângă rolul lor în controlul dăunătorilor, multe specii de gândaci care vizitează florile, precum gândacii soldat, scarabeii, gândacii cu antene lungi, gândacii de sevă și gândacii pătrați, contribuie semnificativ la polenizare.

Polenizarea nocturnă de către gândaci este un fenomen interesant, unele specii având un rol esențial în reproducerea plantelor. Plantele polenizate de gândaci prezintă caracteristici comune: flori mari, în formă de cupă, parfum intens și petale sau frunze groase și rezistente. Culorile variază de la alb și crem la verde pal sau vișiniu. Deși gândacii percep culorile, ei se bazează mai ales pe miros. Florile polenizate de gândaci sunt adesea descrise ca având arome condimentate, dulci, moschate sau fermentate. Pentru că gândacii consumă polen ca sursă de hrană, plantele trebuie să producă cantități mari pentru a asigura polenizarea. Polenul aderă pasiv la corpul gândacilor, care nu au structuri specializate pentru colectare. Aceștia sunt uneori numiți „polenizatori dezordonați”, deoarece pot deteriora petalele și frunzele în timpul hrănirii motiv pentru care plantele au dezvoltat țesuturi mai rezistente.

### Liliecii ca polenizatori

Liliecii joacă un rol esențial, adesea subestimat, în polenizare, în special în regiunile tropicale și subtropicale. Florile polenizate de lilieci, numite flori chiropterofile, au evoluat pentru a atrage aceste mamifere nocturne.

 **Caracteristici ale florilor polenizate de lilieci:**
- Culoare: albă sau pală, pentru vizibilitate nocturnă
- Parfum: puternic, moscat sau fructat, detectabil de la distanță
- Formă: flori mari, tubulare sau deschise larg
- Resurse: cantități mari de nectar și polen
- Momentul înfloririi: seara sau noaptea

**De ce sunt liliecii polenizatori importanți:**
- activitate nocturnă ce evită competiția cu polenizatorii diurni
- capacitate de deplasare pe distanțe mari → diversitate genetică
- eficiență ridicată în transferul polenului
- adaptare la atragerea prin miros și formă

### Exemple de plante polenizate de lilieci

1. Cactusul Saguaro (Carnegiea gigantea)

    **Aspect**
    - flori mari
    - culoare albă
    - formă de trompetă

    **Parfum**:
    - miros puternic, moscat

    **Polenizatori**:
    - lilieci
    - în special liliacul cu bot lung de dimensiuni mici

    **Particularități**:
    - înflorire nocturnă
    - furnizează nectar liliecilor din regiunile deșertice nord-americane
    - florile sunt adaptate pentru acces ușor al liliecilor
    - polenizarea contribuie la formarea fructelo

2. Baobabul (Adansonia spp.)

    **Aspect**:
    - flori mari
    - culoare albă
    - petale cerate (5 petale)

    **Parfum**:
    - miros puternic, înțepător
    - asemănător fructelor supracoapte

    **Polenizatori**:
    - lilieci
    - în special liliacul fructivor cu blană galben-pai

    **Particularități**:
    - înflorire nocturnă
    - produce cantități mari de nectar
    - polenizarea susține reproducerea arborilor și hrănirea populațiilor de lilieci

3. Planta de banană (Musa spp.)

    **Aspect**:
    - flori mari
    - culoare crem
    - formă tubulară

    **Parfum**:
    - aromă dulce, fructată

    **Polenizatori**:
    - lilieci
    - de exemplu, vulpea zburătoare cu ochelari

    **Particularități**:
    - florile sunt prea mari și robuste pentru majoritatea altor polenizatori
    - dependență ridicată de polenizarea realizată de lilieci
    - relație reciproc avantajoasă: nectar și fructe pentru lilieci

![](/gallery/polenizarea-nocturna/banana-1.webp)
![](/gallery/polenizarea-nocturna/baobab-1.webp)
![](/gallery/polenizarea-nocturna/cactus-1.webp)
![](/gallery/polenizarea-nocturna/gandac-1.webp)
![](/gallery/polenizarea-nocturna/liliac-1.webp)
![](/gallery/polenizarea-nocturna/molie-2.webp)
![](/gallery/polenizarea-nocturna/molie.webp)",
primul-ajutor,2025-01-09T00:00:00.000Z,Primul ajutor - salvează viața în mod corect,"Activitatea ""Primul ajutor-salvează viața în mod corect"", organizată de către doamna profesor Bohotineanu Ioana, în cadrul Săptămânii Altfel, a oferit elevilor din ciclul liceal o abordare practică asupra oferirii primului ajutor.",Activitate,"Activitatea ""Primul ajutor-salvează viața în mod corect"", organizată de către doamna profesor Bohotineanu Ioana, în cadrul Săptămânii Altfel, a oferit elevilor din ciclul liceal o abordare practică asupra oferirii primului ajutor.

Ioniță Rareș, membru Crucea Roșie Iași și elev la Universitatea de Medicină în anul al 2-lea, a prezentat elevilor pașii oferirii primului ajutor, exemplificând atât mijloacele care asigură siguranța salvatorului, cât și modalitățile prin care poate fi ajutată persoana vătămată. Rareș a prezentat atât partea teoretică, cât și cea practică, exemplificând manevrele.

Informațiile au vizat atât evaluarea primară a victimei, utilizând regula PAS și poziția laterală de siguranță, precum și modul în care prezentăm informațiile dispecerului de la 112 și cum putem identifica o hemoragie externă, un posibil accident vascular cerebral sau o criză de epilepsie.

A demonstrat utilizând două manechine, unul matur și unul al unui sugar, precum și elevi voluntari din sală, mai multe manevre, marcând importanța păstrării calmului într-o astfel de situație, precum și menținerea demnității victimei.

Rareș a început cu loviturile interscapulare și manevra Heimlich, utilizate în cazul înecului pentru a elimina bolul alimentar. A prezentat modalitățile de resuscitare cardio-respiratorie, particularizând și pentru cazul unor victime precum sugari, femei gravide, persoane supraponderale.

Pe parcursul demonstrațiilor, elevii au putut pune întrebări despre situații în care este nevoie acordarea primului ajutor, precum și despre activitatea lui Rareș ca voluntar la Crucea Roșie și elev la Universitatea de Medicină.

![](/gallery/articol-prim-ajutor/audienta-1.webp)
![](/gallery/articol-prim-ajutor/audienta-2.webp)
![](/gallery/articol-prim-ajutor/resuscitare-adult.webp)
![](/gallery/articol-prim-ajutor/resuscitare-bebelus.webp)",
proiect-plantat-2026,2026-04-20T00:00:00.000Z,Proiect Plantare in Gradina National,"În timp ce albinele și fluturii atrag adesea cea mai mare atenție, polenizatorii nocturni, precum moliile, liliecii și gândacii , joacă un rol la fel de esențial în menținerea sănătății ecosistemelor.",Activitate,"![](/gallery/proiect-plantare-2026/proiect-bio-plantat-1-of-9.webp)
![](/gallery/proiect-plantare-2026/proiect-bio-plantat-2-of-9.webp)
![](/gallery/proiect-plantare-2026/proiect-bio-plantat-3-of-9.webp)
![](/gallery/proiect-plantare-2026/proiect-bio-plantat-4-of-9.webp)
![](/gallery/proiect-plantare-2026/proiect-bio-plantat-5-of-9.webp)
![](/gallery/proiect-plantare-2026/proiect-bio-plantat-6-of-9.webp)
![](/gallery/proiect-plantare-2026/proiect-bio-plantat-7-of-9.webp)
![](/gallery/proiect-plantare-2026/proiect-bio-plantat-8-of-9.webp)
![](/gallery/proiect-plantare-2026/proiect-bio-plantat-9-of-9.webp)",
recenzie-cosmosapiens,2024-06-06T00:00:00.000Z,"Recenzie “Cosmosapiens: Evoluția omului de la originile universului“, de John Hands","Anul 2023 a adus în cinematografe multe pelicule râvnite de publicul larg. Printre acestea se numără biografia Oppenheimer, regizată de Christopher Nolan, a unui fizician genial și influent al secolului al XX-lea, J. Robert Oppenheimer.",Informational,"Lucrarea intitulată „Cosmosapiens: Human Evolution from the Origin of the Universe” publicată de John Hands în anul 2015 și aparută în limba romană în anul 2019 la Editura Humanitas sub denumirea „Cosmosapiens: evoluția omului de la originile universului” este, așa cum afirmă E.O. Wilson, „O călătorie îndrăzneață prin tot ce ne învață știința despre originea și evoluția omului în univers”.

Autorul abordează o temă științifică încercând să răspundă la întrebări fundamentale ale omenirii, precum: „Ce suntem?”, „De unde venim?” și „Încotro ne îndreptăm?”. Lucrarea este structurata în patru parti, care la randul lor sunt formate din 33 de capitole. În ansamblu, cartea cuprinde 756 de pagini dintre care primele 678 constituie nucleul carții, fiind urmate de note, bibliografii și glosar de termeni.

În prima parte, denumită „Apariția și evoluția materiei”, autorul analizează o varietate largă și relevantă de teorii privitoare la apariția universului. Prin unele dintre acestea, se consideră că totul a început dintr-o singularitate, adică un punct cu densitate infinită și volum infinit de mic, care s-a extins foarte repede printr-o mare explozie (Big Bang), iar la finalul vieții universului, toata materia v-a fi comprimată într-un singur punct, eveniment numit Big Crunch. O alta teorie susține că universul este etern, fiind fără început și fără sfârșit. Sunt detaliate și ipoteze referitoare la universuri oscilante sau chiar și universuri paralele. De asemenea, această parte conține noțiuni de astronomie, fizică și istorie.

Cea de a doua parte, intitulată „Apariția și evoluția vieții”, prezintă organismele vii și dezvoltarea lor pe Pământ, singurul loc unde se cunoaște, până la momentul actual, existența vieții. Se crede că Terra avea condițiile ideale pentru apariția celulelor procariote, cele mai simple organisme vii. Ulterior, experimentele de laborator nu au permis oamenilor de știință să producă o moleculă capabilă de autoreplicare, în ciuda încercărilor repetate de a reconstitui atmosfera timpurie a Pământului ce conținea majoritar hidrogen, metan, amoniac și vapori de apă. Sunt prezentate ideile evoluționiste, cele mai importante fiind semnate de Charles Darwin, Piotr Kropotkin și Gregor Mendel. În finalul acestei părți, sunt interpretate primele date despre conștiința ființelor, care este factorul principal în determinarea comportamentului unui organism.

Partea a treia, intitulată „Apariția și evoluția omului”, se axează pe istoria omului și evoluția gândirii acestuia.

Partea a patra, cu denumirea „Un proces cosmic”, reprezintă o încheiere concluzivă a acestei lucrări provocatoare. Sunt prezentate, în principal, limitările științei, care stabilesc anumite bariere între om și necunoscut. Acestea sunt constant depășite utilizând rezultatele inovatoare ale tehnologiilor moderne. Totodată, autorul prezintă un set de reflecții și concluzii asupra evoluției omului ca proces cosmic.

La ce te poate ajuta lecturarea acestei cărți?

Aceasta carte stârnește anumite întrebări la care, probabil, singur nu ai putea ajunge. Cartea merită citită de persoane de toate vârstele, însă eu cred că este recomandat s-o parcurgi la o vârstă cât mai fragedă deoarece conține informații din numeroase domenii ale științei ce pot pune bazele formarii si dezvoltării minții cititorului. Este important să lecturezi conținutul lucrării deoarece te ajută să îți creezi o imagine complexă despre univers, om, omenire, evoluție, civilizație, fundamentele universului, originea vieții ori secretele omului.

Perspectivă personală

Acest volum mi-a fost recomandat de către mama mea. Inițial îl citeam doar ca să îi fac pe plac, însă după doar câteva capitole am fost plăcut surprins de multitudinea de informatii pe care le aflam, aspecte la care nu mă gândisem inca. 

Secvențele mele preferate se află în Partea a doua a cărții, intitulată: „Apariția și evoluția vieții”. Autorul atribuie vieții șase caracteristici principale, cu scopul de a da o definiție acesteia, toate fiind infirmate ulterior. Printre acestea se numără: Reproducerea, Sensibilitatea si Complexitatea. Citând cartea recenzată: „Reproducerea nu este o condiție necesară vieții. Catârii nu se reproduc, nici furnicile lucrătoare ... și totuși aceste organisme sunt vii”, „Un fotometru răspunde la licărirea luminii prin înregistrarea modificărilor numărului de lumeni. Deci sensibilitatea nu este o caracteristică suficientă a vieții.”, „un corp mort și Podul Golden Gate sunt, ambele, complexe, dar nici unul nu este viu.”. În urma lecturării acestui capitol, am realizat un lucru foarte important:

Nu știu ce este viața, dar știu ce nu este.

Lucrarea mi-a deschis mintea spre frumusețea științei, spre dorința de a înțelege mediul înconjurător, spectaculoasele fenomene fizice, chimice sau de orice natură, spre cunoașterea tainelor originilor omului și m-a motivat să continui să fiu mereu curios.

Consider că este oportună inserția unui fragment reprezentativ, pentru a încuraja lectura acestei cărți în rândul elevilor din clasele terminale de gimnaziu, respectiv liceu. 
![](/gallery/recenzie-cosmosapiens/pagina.jpg)",
recenzie-oppenheimer,2024-06-06T00:00:00.000Z,"Recenzie film ""Oppenheimer"", regizat de Christopher Nolan","Anul 2023 a adus în cinematografe multe pelicule râvnite de publicul larg. Printre acestea se numără biografia Oppenheimer, regizată de Christopher Nolan, a unui fizician genial și influent al secolului al XX-lea, J. Robert Oppenheimer.",Informational,"Anul 2023 a adus în cinematografe multe pelicule râvnite de publicul larg. Printre acestea se numără biografia Oppenheimer, regizată de Christopher Nolan, a unui fizician genial și influent al secolului al XX-lea, J. Robert Oppenheimer. Filmul prezintă viața, cariera, greutățile și momentele semnificative ale fizicianului american, aceste aspecte fiind împerecheate cu elemente de istorie ale celui de al Doilea Război Mondial. Probabil că unii mai auziseră de poreclitul “Părinte al bombei atomice”, dar Nolan, cu ajutorul echipei sale dedicate, fruntaș fiind actorul Cillian Murphy care îl interpretează pe Oppenheimer, a readus acest nume în lumea contemporană. 

Christopher Nolan este considerat unul dintre cei mai buni regizori ai tuturor timpurilor, filmele sale având în total încasări de peste 6 miliarde de dolari, dintre care aproape un miliard vin doar de la Oppenheimer. Regizorul a fost din copilărie marcat de războaiele nucleare, principalul motiv fiind acela că a crescut într-o perioadă postbelică în care se punea mare accent pe asigurarea păcii mondiale. Astfel, el și-a găsit inspirația în frica pentru un potențial holocaust nuclear. 

Biografia “American Prometheus” (2005) scrisă de Kai Bird și Martin Jay Sherwin, ce prezintă viața lui Oppenheimer, a stârnit interesul regizorilor pentru realizarea unei pelicule cinematografice, însă, timp de 15 ani, niciun scenariu nu a fost aprobat de către autori. În final, Nolan a reușit să capteze esența vieții lui Oppenheimer într-un scenariu foarte bine scris. Chiar înainte de a afla de aceasta carte, el era fascinat de acest om și se întreba cum ar fi să se pună în pielea sa, având în vedere lucrurile pe care le-a făcut.

Dar ce anume a făcut Oppenheimer? 

J. Robert Oppenheimer s-a născut pe 22 aprilie 1904, la New York. El a fost directorul Proiectului Manhattan, în cadrul căruia s-a dezvoltat prima bombă atomică. Rezultatul proiectului a fost introducerea în domeniul militar a dispozitivelor nucleare, iar respectivele au fost folosite pentru bombardamentele de la Hiroshima și Nagasaki ce au adus sfârșitul celui de al Doilea Război Mondial. 

Filmul este împărțit în două planuri principale: 1. Fisiunea, 2. Fuziunea. Cele două se diferențiază la prima vedere prin paleta coloristică, primul fiind color, iar cel din urmă, în alb și negru. Pe lângă asta, “Fisiunea” prezintă povestea din perspectiva subiectivă a lui Oppenheimer, iar “Fuziunea” reprezintă o viziune mai generală care se bazează pe gândurile lui Lewis Strauss, un oficial guvernamental, personaj jucat de bine-cunoscutul Robert Downey Jr. 

Lewis Strauss a fost președintele Comisiei pentru Energia Atomică, organizație ce avea ca scop stimularea și controlarea dezvoltării tehnologiei nucleare în perioada postbelică. Lewis l-a cunoscut pe Oppenheimer în 1947 la Institutul pentru Studii Avansate de la Princeton, unde fizicianul fusese invitat să se alăture echipei de cercetători. În 1949, la o audiere publică, fizicianul a râs de concepțiile lui Strauss referitoare la folosul radioizotopilor. Fiind făcut de rușine în fața unei mari mulțimi, el a căutat în anii ce au urmat răzbunare. Lewis era convins că Oppenheimer se folosea de el pentru ca lumea să uite de partea neagră a Proiectului Manhattan, anume bombardamentele din Japonia, iar el să fie reținut în istorie ca un erou care doar a creat acest dispozitiv nuclear.


“Prometeu a furat Focul de la Zei și l-a dat oamenilor. Pentru fapta sa, a fost înlănțuit de o stâncă și torturat pe vecie.” - Citatul incipit al filmului. O asemenea afirmație trezește oricărei minți, fie ea savantă sau ordinară, o întrebare: De ce această comparație brutală? Vom constata că povestea filmului răspunde la această întrebare. 

Oppenheimer plecase în 1924 în Europa pentru studiile universitare. Acolo a întâlnit fizicieni renumiți, laureați ai premiului Nobel pentru fizică, precum Niels Bohr și Werner Heisenberg, care îi deschid drumul către partea cuantică a lumii, un domeniu străin, la acel moment, americanilor. Cunoștințele sale și dorul de casă l-au influențat în întoarcerea acasă, unde a deschis primele filiere ce studiau mecanica cuantică, la Berkley. Era înzestrat cu o carismă și cu un mod de a explica fizica pe înțelesul tuturor, ceea ce a atras studenți la cursurile sale. 

Cu toate acestea, el era influențat politic. Fratele său era membru al Partidului Comunist și l-a presat să i se alăture. Aceste presiuni, întâlnirile amicale cu membrii partidului și ale sale idei politice i-au adus probleme scandaloase.

În scopul dezvoltării unei arme nucleare, americanii au înființat un proiect de cercetare, Proiectul Manhattan, condus de Oppenheimer. El și-a alcătuit o echipă de oameni de știință pe care i-a convins să se mute în Los Alamos, locul unde urmau să fie făcute testele și cercetările. Condițiile erau grele deoarece totul era un mare secret. Odată intrat în Los Alamos era dificil să ieși, mai ales dacă erai implicat în echipa centrală de cercetare. Trebuie menționat faptul că savanții erau însoțiți de familiile lor, neveste și copii. 

Primul test nuclear, Sfânta Treime (Trinity), a fost pe data de 16 iulie 1945, când “dispozitivul”, așa cum numea Oppenheimer bomba atomică, a fost detonat cu succes. Energia degajată este estimată la un echivalent de 25 kilotone de TNT. Pentru a pune în perspectivă cantitatea, dispozitivul “Fat Man” detonat pe 9 august 1945 peste Nagasaki a avut o energie echivalentă de 21 de kilotone. Detonată la aproximativ 500 de metri de sol, explozia a provocat o distrugere în masă, raza totală fiind estimată la 1,6 kilometri. 

O scenă care arată răutatea umană, mai ales cea din sfera oamenilor puternici ai lumii, este discuția dintre Oppenheimer și fostul președinte american, Harry Truman. Fizicianul dorea să își exprime îngrijorarea referitoare la potențialul distructiv al bombei dezvoltate de echipa sa. Acest eveniment se întâmpla la scurt timp după detonarea dispozitivelor Fat Man și Little Boy în Japonia. Oppenheimer se simțea vinovat pentru cele întâmplate și dorea să îl atenționeze că și celelalte mari puteri ale lumii pot construi o asemenea armă. El mărturisea că simte că are mâinile pătate cu sânge, afirmație la care Truman a făcut un gest prin care și-a impus statutul: i-a întins o batistă albă. El afirma: “Crezi că celor din Hiroshima sau Nagasaki le pasă cine a construit bomba? Lor le pasă cine a lansat-o. Eu am lansat-o. Hiroshima nu este despre tine.” Oppenheimer a fost apoi dat afară din Biroul Oval și numit de către președinte un “plangacios” (crybaby).

Către finalul filmului, acțiunea se axează pe audierea din 1954 a lui Oppenheimer, ce avea ca obiectiv dovedirea că el era un comunist trădător. Strauss a ajutat la pătarea imaginii fizicianului, el susținând respectiva interogare cu informații clasificate, spre exemplu documente și înregistrări audio. La audieri au fost chemați indivizi cu care Robert lucrase în cadrul Proiectului Manhattan. Unii l-au aparat, din simpatie și încredere, alții l-au trădat, din invidie și dorința de răzbunare.  

Filmul se încheie cu un dialog dintre Oppenheimer și Albert Einstein ce a luat loc în ziua în care Robert a vizitat Institutul pentru Studii Avansate de la Princeton, în 1947. Acest dialog avea să prezică evenimentele din viitor, anume criticarea lui Oppenheimer și pornirea unei reacții în lanț sub forma unei lupte pentru înarmare a puterilor mondiale. Citându-l pe Tom Conti, care l-a interpretat pe Einstein: “Acum este rândul tău să accepți consecințele realizărilor tale. Într-o zi, după ce o să te pedepsească suficient, o să-ți ofere ție somon și salată de cartofi, o să țină discursuri… o să te decoreze. Te vor bate pe umăr și îți vor spune că totul este iertat. Dar nu uita, nu o să o facă pentru tine, o să o facă pentru ei.” Prin asta, Einstein dorește să îl atenționeze că oamenii îl vor ierta, dar numai pentru că se vor simți vinovați, încercând astfel să repare răul făcut. El își permite să îi dea un astfel de sfat, deoarece și el la rândul său a fost criticat când și-a publicat Teoria Relativității, teorie care a ajuns să fie revoluționară pentru domeniul fizicii, fără de care nu s-ar fi ajuns la bomba atomică. 

Controverse, păreri, realizari

Christopher Nolan este un perfectionist, dar a omis un detaliu într-una dintre scene filmului. Câțiva fani au identificat o greșeală istorică, care poate fi trecută cu vederea pentru majoritatea publicului. Într-o scena, Oppenheimer se află într-o cameră alături de mulți americani care sărbătoresc reușita testului Trinity, eveniment petrecut în 1945. Ei țin în mâinile lor steagul american actual, cu 50 de stele, care a fost introdus în uz abia în 1959. La mijlocul deceniului al cincilea steagul american avea 48 de stele, celelalte două urmând să fie adăugate odată cu intrarea statelor Alaska și Hawaii în rândul Statelor Unite ale Americii. Totuși, în o altă scenă din aceeași perioadă, steagul este utilizat corespunzător. Nolan nu a comentat eroarea sesizată. Să fie oare o un lucru intenționat sau o simplă greșeală nevinovată?

Un aspect interesant legat de oamenii de știință remarcat în film este modul în care pot să interpreteze niște calcule matematice în raport cu viața reală. Într-o scenă, un fizician prezintă un set de calcule ce dovedeau că o reacție nucleară are un potențial de a aprinde atmosfera. Ceilalți savanți îi privesc schița și se înspăimântă. Prima reacție a lor este: “Nu poate fi corect. Arată-mi cum ai făcut calculele!”. Prin urmare, ei sunt capabili să citească o lucrare științifică și să se sperie, asemenea unui muzician care citește o partitură și își imaginează linia melodică. Fiecare cu muzica lui.

Filmul evită elementele și argumentele teoretice, aprofundate și greu de înțeles, deci pentru cunoscători poate părea puțin intrigantă absența detaliilor științifice. Totuși, Christopher Nolan a ales abordarea corectă, pentru a nu plictisi publicul larg. Cei pasionați pot continua cercetările în afara cinematografului, deoarece internetul este plin de documente ce explică fizica din spatele filmului. 

“Oppenheimer” a adus actorilor și echipei premii semnificative ce întăresc imaginea monumentală a filmului: 7 premii Oscar, 7 premii BAFTA, 5 Globuri de Aur și în total peste 300 de premii la gale și festivaluri internaționale de film. Christopher Nolan, Cillian Murphy și Robert Downey Jr. și-au câștigat primele lor premii Oscar la Gala a 96-a din martie 2024. Cillian Murphy și-a încheiat discursul de acceptare al premiului spunând că ei ai făcut un film despre cel care a creat bomba atomică și că noi toți trăim în lumea lui Oppenheimer, de aceea, în semn de mulțumire și recunoștință, el dedică reușita celor ce întrețin pacea pretutindeni în lume. 

![](/gallery/recenzie-oppenheimer/bomba.webp)
![](/gallery/recenzie-oppenheimer/einstein.webp)
![](/gallery/recenzie-oppenheimer/nolan_cu_camera.webp)
![](/gallery/recenzie-oppenheimer/oppenheimer_aclamat.webp)
![](/gallery/recenzie-oppenheimer/poster.webp)
![](/gallery/recenzie-oppenheimer/premiul_nobel.webp)
![](/gallery/recenzie-oppenheimer/rdj.webp)",
scoala-atfel2026-2,2026-01-20T00:00:00.000Z,Biologia Altfel: De la stilou la bisturiu,"Elevii clasei a X-a C au participat, luni, pe 19 ianuarie, la două activități care se completează într-un mod armonios și care dezvăluie pasiunea noastră pentru biologie, precum și buna noastră colaborare cu cadrele didactice de la care am avut ocazia sa învățăm în cei doi ani (neîmpliniți) de liceu.",Activitate,"Cu ocazia aniversării celor 198 de ani de la înființarea Colegiului Național Iași, în școală s-au organizat numeroase activități de celebrare care stârnesc bucurie în sufletul elevilor. Noi însă, nu am uitat de știință, mai exact de biologie, care studiază omul și de care ne putem apropia cu ușurință și curiozitate și prin intermediul manualului, dar și prin modalități practice.
Elevii clasei a X-a C au participat, luni, pe 19 ianuarie, la două activități care se completează într-un mod armonios și care dezvăluie pasiunea noastră pentru biologie, precum și buna noastră colaborare cu cadrele didactice de la care am avut ocazia sa învățăm în cei doi ani (neîmpliniți) de liceu.
De la ora 9, în sala de festivități a Colegiului Național am asistat la activitatea Primul ajutor contează, desfășurată în parteneriat cu Crucea Roșie Română- Filiala Iași, unde ne-am oferit voluntari și ne-am simțit bine, în spiritul nostru caracteristic ce îmbină voia bună cu atenția și seriozitatea. Alături de domnul profesor Romeo Cavaleriu, am înțeles cum putem interveni pentru a prelungi bătăile unei inimi, atunci când propria forță ei cedează. După la ora 11, în laboratorul de biologie, alături de doamna profesoară Ioana Bohotineanu, am luat bisturiul în mână pentru a vedea cu ochii noștri cum arată organul-vedetă al zilei, de care depinde existența tuturor ființelor: inima. 
Întrucât nu ne-am fi dorit să vedem o inimă de om niciunde decât în cavitatea toracică a respectivului individ, pompând sânge harnică și sănătoasă, pe mesele laboratorului de biologie, pe lângă dorința de cunoaștere și evidenta prietenie dintre elevi, se afla și o inimă de porc.
Împreună cu elevii clasei a XI-a C am reușit să disecăm inima, pentru a observa fața anterioară și cea posterioară a sa, peretele despărțitor, valvele care delimitează camerele importante ale inimii, atriile și ventriculii, unul din cele mai importante vase și anume artera aorta, și chiar și mușchiul miocardic, în structura sa pliată. 
![](/gallery/scoala-atfel2026-2/poza.webp)
Următoarea etapă a activității a fost observarea la microscop a mușchiului miocardic, unde am descoperit striațiile țesutului muscular striat de tip cardiac, și, ulterior, am supus experimentului un cheag de sânge, unde am observat hematiile și eritrocitele circulând în preparatul microscopic. Colegii noștri, Ioana și Tudor, pasionați de biologie și informatică au facilitat proiectarea imaginilor microscopice pe un monitor mai mare și au reușit să facă și poze pe care le vom atașa în josul paginii. 
Printre priviri agere și concentrate, tăieturi exacte (sau mai puțin exacte), exlamații care trădează sensibilitatea la sânge și stomacul fragil al unora dintre noi, s-a decantat interesul incontestabil, dedicația și buna dispoziție a unor elevi de liceu, de la clasa de matematică-informatică, ce au făcut o pauză de la interminabilele teme la matematică pentru a afla ceva nou și pentru a se lăsa seduși de miracolul vieții.
Pentru a folosi un termen pe placul doamnei noastre profesoare de biologie, această activitatea ne-a inspirat, și ne-a trezit dorința de a participa la cât mai multe astfel de evenimente. Dezamăgirea rezultată din imposibilitatea de a face disecția și pe ochiul de bovină(care era înghețat) nu a fost de durată, căci am părăsit laboratorul cu promisiunea că vom mai face astfel de lucrări de laborator unde vom folosi restul materialelor. 
Rămânem cu gândul la continuitatea lucrărilor practice, dublată de curiozitatea și pasiunea noastră pentru știință.

![](/gallery/scoala-atfel2026-2/poza2.webp)
>Când iei inima în mână; poate a ta, poate a altcuiva.",
scoala-atfel2026,2026-01-19T00:00:00.000Z,Disecție Școala Altfel,"În cadrul **programului Școala Altfel**, am avut ocazia de a participa la o disecție pe organe ale unor animale în laboratorul de biologie, sub îndrumarea doamnei profesoare Ioana Bohotineanu.",Activitate,"În cadrul **programului Școala Altfel**, am avut ocazia de a participa la o disecție pe organe ale unor animale în laboratorul de biologie, sub îndrumarea doamnei profesoare Ioana Bohotineanu. Activitatea a constat în observarea detaliată a structurii interioare a următoarelor organe: **ochiul de vită, inima de porc și rinichiul de porc.**

Astfel, ne-am împărțit pe echipe și am început disecția **ochiului**: mai întâi l-am curățat de țesut conjunctiv, apoi l-am secționat pentru a vedea irisul, corpul vitros și retina. Deși procesul s-a dovedit anevoios, pentru că înlăturarea țesutului a fost o muncă migăloasă, toți eram motivați de un sentiment de curiozitate și de dorința de a face o disecție de calitate. Cunoșteam structura ochiului din lecțiile predate în anii trecuți, dar să văd și în realitate felul cum toate aceste componente se armonizează pentru a forma organul văzului a fost fascinant.

Următoarea a fost **inima de porc**, care a reprezentat, din punctul meu de vedere, cea mai interesantă parte a activității. Secționarea longitudinală a fost dificilă, deoarece a trebuit să ne asigurăm că se pot vedea cordajele tendinoase și mușchii papilari. Munca în echipă a fost necesară: cineva trebuia să țină inima nemișcată folosind penseta, altcineva să secționeze cu bisturiul, iar între timp restul celor din echipă să curețe spațiul de lucru și să facă poze cu diferitele stadii ale disecției. Pentru că eu sunt mai sensibilă la sânge, am preferat să mă ocup de fotografii și de organizarea ustensilelor. Inima de porc seamănă cu cea **umană**, ceea ce înseamnă că toți ne-am putut face o idee despre cum arată propria noastră inimă și din ce este alcătuită.

**Rinichiul de porc** a fost ultimul organ al disecției și, în opinia mea, cel mai ușor de secționat longitudinal. Am văzut cum arată **piramidele renale și capsula** care acoperă rinichiul, apoi am completat într-un tabel estimarea noastră în ceea ce privește greutatea rinichiului și numărul piramidelor sale Malpighi. Credeam că îmi va fi puțin rău în timpul disecției acestui organ, dar spre surprinderea mea, am prins curaj și am început să ajut la secționare și la curățarea rinichiului.

Această oră de biologie a fost, cu siguranță, **altfel**, deoarece am avut ocazia să trecem de la teorie la practică și să putem aplica cunoștințele de la clasă într-un mod interactiv. Aș putea spune că această schimbare a fost revigorantă și că m-a ajutat să-mi dezvolt răbdarea, îndemânarea și stăpânirea de sine în prezența sângelui. A fost o activitate productivă și prețioasă atât pentru cei care vor studia medicina, cât și pentru cei ca mine, care vor să-și lărgească orizonturile în domenii din afara sferei lor de interes profesional.

Sunt recunoscătoare pentru astfel de oportunități și sper că vor exista în viitor și alte activități de acest tip, care să contribuie la îmbunătățirea stării de bine a elevului și care să întrerupă, din când în când, rutina specifică ­anului școlar.

![](/gallery/scoala-atfel2026/boho_explicand.webp)
![](/gallery/scoala-atfel2026/bucati_carne.webp)
![](/gallery/scoala-atfel2026/cornee.webp)
![](/gallery/scoala-atfel2026/darius_criminal.webp)
![](/gallery/scoala-atfel2026/decupare_muschi_ochi.webp)
![](/gallery/scoala-atfel2026/decupare_muschi_ochi2.webp)
![](/gallery/scoala-atfel2026/decupare_muschi_ochi3.webp)
![](/gallery/scoala-atfel2026/decupare_muschi_ochi4.webp)
![](/gallery/scoala-atfel2026/elevi_pregatiti.webp)
![](/gallery/scoala-atfel2026/ficat.webp)
![](/gallery/scoala-atfel2026/ficat_in_doua.webp)
![](/gallery/scoala-atfel2026/gr1_cu_ochi.webp)
![](/gallery/scoala-atfel2026/gr2_bucati_ochi.webp)
![](/gallery/scoala-atfel2026/inima.webp)
![](/gallery/scoala-atfel2026/inima_close.webp)
![](/gallery/scoala-atfel2026/inima_cu_cioturi.webp)
![](/gallery/scoala-atfel2026/inima_in_doua.webp)
![](/gallery/scoala-atfel2026/inima_in_doua2.webp)
![](/gallery/scoala-atfel2026/inima_taiere.webp)
![](/gallery/scoala-atfel2026/inima_taiere2.webp)
![](/gallery/scoala-atfel2026/inimia_biblica.webp)
![](/gallery/scoala-atfel2026/iti_dau_ficatul.webp)
![](/gallery/scoala-atfel2026/iti_dau_inima1.webp)
![](/gallery/scoala-atfel2026/iti_dau_inima2.webp)
![](/gallery/scoala-atfel2026/iti_dau_inima3.webp)
![](/gallery/scoala-atfel2026/iti_dau_inima4.webp)
![](/gallery/scoala-atfel2026/iti_dau_inima5.webp)
![](/gallery/scoala-atfel2026/iti_dau_inima6.webp)
![](/gallery/scoala-atfel2026/iti_dau_inima7.webp)
![](/gallery/scoala-atfel2026/iti_dau_inima8.webp)
![](/gallery/scoala-atfel2026/lichid_ochi.webp)
![](/gallery/scoala-atfel2026/ochi.webp)
![](/gallery/scoala-atfel2026/ochi_bucati_carne.webp)
![](/gallery/scoala-atfel2026/ochi_in_doua.webp)
![](/gallery/scoala-atfel2026/punga_deschisa.webp)
![](/gallery/scoala-atfel2026/pungi_cu_organe.webp)
![](/gallery/scoala-atfel2026/taiere_ficat.webp)
![](/gallery/scoala-atfel2026/taiere_ficat2.webp)
![](/gallery/scoala-atfel2026/taiere_ficat3.webp)
![](/gallery/scoala-atfel2026/ustensile.webp)",
testoasa-kemy,2025-01-13T00:00:00.000Z,KEMY (țestoasa laboratorului),"Țestoasa hartă Ouachita este o specie fascinantă de țestoasă semiacvatică, cunoscută pentru aspectul său unic și adaptările sale speciale la viața în medii de apă dulce. Endemică în America de Nord, această specie este întâlnită în special în sistemul râului Mississippi și afluenții săi, dar populații izolate au fost identificate și în alte regiuni.",Informational,"**Țestoasa hartă Ouachita** este o specie fascinantă de țestoasă semiacvatică, cunoscută pentru aspectul său unic și adaptările sale speciale la viața în medii de apă dulce. Endemică în America de Nord, această specie este întâlnită în special în sistemul râului Mississippi și afluenții săi, dar populații izolate au fost identificate și în alte regiuni. Acest articol detaliat explorează aspectele biologice, ecologice și comportamentale ale țestoasei Ouachita, combinând informații din diverse surse și cercetări.
![](/gallery/articol-testoasa/testoasa-kemy.webp) 
# Descriere Fizică
Țestoasele hartă Ouachita sunt denumite adesea „Saw Backs” datorită crestei vizibile de pe carapace, formată din proeminențe sau noduri care se întind de-a lungul coloanei vertebrale. Această caracteristică este mai pronunțată la masculi decât la femele.
![](/gallery/articol-testoasa/carapacea-testoasei.webp)
- Dimensiuni: 
  - Masculii: 9-16,5 cm 
  - Femelele: 12,5-26 cm 

- Colorit:
  - Carapacea (partea superioară a carapacei): Verde măsliniu până la maro, cu linii galbene intricate ce seamănă cu liniile unei hărți.  
  - Plastronul (partea inferioară): Galben pal cu marcaje negre, care se estompează pe măsură ce țestoasa îmbătrânește.

![](/gallery/articol-testoasa/testoasa-underside.webp)

- Capul, gâtul și membrele: Verde-închis cu dungi galbene subțiri și trei pete galbene caracteristice pe față: una mare, ovală, în spatele ochiului, una sub ochi și una sub linia gurii.

![](/gallery/articol-testoasa/testoasa-laba.webp)

- Ochii:  Galbeni cu o pupilă orizontală neagră, o trăsătură specifică acestui gen.

![](/gallery/articol-testoasa/testoasa-cap.webp)

# Dimorfism Sexual

Dimorfismul sexual este foarte evident la această specie:  

- Femelele sunt de două ori mai mari decât masculii și au o mușcătură mai puternică, adaptată pentru consumul de moluște.  

- Masculii au gheare anterioare mai lungi, utilizate în ritualurile de împerechere.

# Habitat și Distribuție  

Țestoasele Ouachita sunt predominant acvatice, preferând râurile mari și lacurile cu vegetație abundentă și fund nisipos sau mâlos. Sunt active în special din aprilie până în octombrie, iar iarna hibernează, săpând în substratul de pe fundul râurilor.  

- Distribuție Geografică:  

  - Sistemul râului Mississippi este habitatul principal.  

  - Populații izolate au fost introduse și în alte regiuni, cum ar fi Florida.

![](/gallery/articol-testoasa/harta-broasca.webp)

# Dietă și Comportament Alimentar

Țestoasele Ouachita sunt omnivore generaliste, hrănindu-se în principal pe timpul zilei. Au fălci puternice, adaptate pentru a sparge cochiliile prăzilor dure.  

- Hrana principală:

  - Moluște, cum ar fi midiile și melcii.  

  - Crustacee, pești mici, insecte și viermi.  

  - Vegetație acvatică.  

Un aspect interesant este diferența alimentară între sexe:  

- Femelele: Preferă mai mult plante și moluște, datorită dimensiunii mai mari și forței mușcăturii.  

- Masculii: Sunt mai carnivori, hrănindu-se cu insecte și alte nevertebrate.  

# Reproducerea și Ciclu de Viață

Reproducerea are loc primăvara, iar femelele își depun ouăle vara în cuiburi săpate în sol nisipos, aproape de apă.  

- Ouă:

  - Fiecare cuib conține între 8 și 22 de ouă albe, de formă eliptică.  

  - Incubarea durează câteva săptămâni, iar temperatura joacă un rol crucial:  

    - Sub 25°C : Se nasc mai mulți masculi.  

    - Peste 25°C: Se nasc mai multe femele.  

Puii rămân în cuib până când absorb complet sacul vitelin, uneori iernând în sol. Este posibilă și hibridizarea între țestoasele Ouachita și False Map, rezultând un cuib mixt.

![](/gallery/articol-testoasa/testoasa-ecolozand.webp)

# Adaptări Comportamentale

Țestoasele Ouachita comunică mai ales prin atingere și semnale olfactive, deși nu emit vocalizări. Sunt foarte dependente de locurile de odihnă și de soare pentru reglarea temperaturii corporale.

![](/gallery/articol-testoasa/testoase-versus.webp)

# Durata de Viață

Țestoasa hartă Ouachita poate trăi între 30 și 50 de ani, însă determinarea vârstei exacte este dificilă după 15 ani, deoarece inelele de pe scuturi devin mai puțin vizibile.

![](/gallery/articol-testoasa/testoasa-singura.webp)

# Conservare și Amenințări

Deși țestoasa Ouachita este considerată „comună local” în multe zone, cum ar fi Wisconsin și Minnesota, specia se confruntă cu multiple amenințări:  

- Poluarea apei și distrugerea habitatului.  

- Recoltarea excesivă pentru comerțul cu animale de companie.  

- Activități umane pe bancurile de nisip, care perturbă zonele de cuibărit.  

- Declinele populațiilor de midii de apă dulce, care reprezintă o sursă importantă de hrană.  

În unele regiuni din sud-estul SUA, populațiile izolate ale altor specii de țestoase hartă sunt considerate vulnerabile din cauza fragmentării habitatului.  

# Curiozități

- Numele „Ouachita” provine de la un trib nativ american din nord-estul Louisianei.  

- Linia dintre țestoasa Ouachita și False Map este adesea dificil de trasat, cele două specii fiind foarte similare.

- Temperaturile de incubare influențează nu doar sexul puilor, ci și modelele de pe cap, ceea ce face fiecare individ unic.  

![](/gallery/articol-testoasa/testoasa-false-map.webp)

# Concluzie

Țestoasa hartă Ouachita este o specie remarcabilă, cu adaptări speciale care îi permit să prospere în apele dulci ale Americii de Nord. Totuși, deși este considerată comună în multe locuri, necesită protecție și conservare pentru a preveni declinul populațiilor din cauza amenințărilor ecologice și umane. Această specie reprezintă o parte importantă a biodiversității acvatice și merită atenția și respectul nostru.",
viitorul-chirurgiei,2025-01-09T00:00:00.000Z,Viitorul (în domeniul) chirurgiei,"Astfel, intitulată „Mini Knots and Sutures”, activitatea de astăzi propune un atelier de microchirurgie, dezvăluindu-le viitorilor medici importanța împletirii teoriei cu practica",Activitate,"Finalul programului „Săptămâna altfel” pentru liceenii Colegiului Național, dornici de a urma o carieră în domeniul medicinei, este marcată de o activitate cu rol de cunoaștere a protocolului chirurgical, anticipând lucrările practice din laboratoarele facultății. Astfel, intitulată „Mini Knots and Sutures”, activitatea de astăzi propune un atelier de microchirurgie, dezvăluindu-le viitorilor medici importanța împletirii teoriei cu practica.

Onorându-ne cu prezența lor, atât în activitatea de luni, cât și astăzi, studenții din anul al doilea și al treilea la Universitatea de Medicină și Farmacie „Grigore T.Popa” din Iași, membri ai „Asociației de Microchirurgie UMF-Iași”, i-au ajutat și îndrumat pe elevii participanți în vederea realizării unor suturi corecte. În cadrul atelierului, organizatorii au asigurat toate materialele necesare, iar președintele societății, Cosmin Velnic, a oferit o prezentare detaliată despre pregătirea unui chirurg înainte de operație și i-a introdus pe elevi, în acest mod, în atmosfera inedită a unei intervenții chirurgicale adevărate, incluzând procedurile de spălare corectă a mâinilor și purtarea mănușilor, echiparea corespunzătoare cu halate speciale și purtarea bonetelor medicale, protocolul de igienizare a spațiului de lucru și pregătirea, în prealabil, a materialului didactic. Fiecare student a fost repartizat câte unei bănci de lucru din laboratorul de biologie, iar toți elevii din cadrul unei echipe au primit ustensilele necesare pentru suturi și un membru inferior de porc. Echipele formate din câte patru, sau respectiv cinci elevi, au beneficiat de ajutorul uneia sau a două persoane desemnate, reprezentând un model pentru tinerii participanți, dar și un ghid în realizarea inciziilor și suturilor. Totodată, membrii asociației au răspuns, pe tot parcursul întâlnirii, întrebărilor și curiozităților participanților, iar fiecare elev a avut ocazia de a efectua procedurile prezentate, după exemplele oferite de studenți. Satisfacția reușitei a fost resimțită atât în timpul, cât și după finalizarea activității, datorită realizării unor structuri corecte și, de asemenea, datorită înțelegerii teoriei învățate în cadrul orelor de curs prin intermediul unui atelier de activități practice.

Entuziasmul aspiranților la titlul de medic se evidențiază din impresiile, părerile și gândurile transmise de aceștia, plasând, prin intermediul lor, activitatea de astăzi sub semnul cunoașterii și al dorinței de a transforma simularea microchirurgiei prezentate într-o posibilă viitoare carieră. Din perspectiva elevei în clasa a XI-A B, Ioana Dumitrescu, „Atelierul de Mini Knots și suturi a fost o experiența perfectă pentru elevii care se gandesc sau știu sigur că vor să dea admiterea la medicină sau pentru cei care sunt pur și simplu curioși de munca în acest domeniu. Pe lângă aspectul practic, „altfel” decat teoria cu care suntem cu toții obișnuiți, am aflat și informații noi legate de pregătirile unui chirurg pentru operație, lucrul în medii sterile, instrumentele folosite și tehnicile propriu-zise (la un nivel de bază). Am avut parte cu adevărat de o activitate diferită și am putut, cu ajutorul mai multor studenți, să ieșim pentru câteva ore din atmosfera obișnuită a școlii.” Totodată, entuziasmul și interesul provocate de această activitate au fost resimțite și în cadrul profilului „Științe ale naturii”, întrucât Ștefan Ciobotaru din clasa a XI-a D ne descrie activitatea de astăzi într-o viziune proprie: „Sub îndrumarea studenților, am lucrat pe un preparat de picior de porc, material care imită fidel țesuturile umane din punct de vedere al consistenței, realizând o incizie controlată și noduri chirurgicale pătrate. Explicațiile detaliate și practica interactivă ne-au ajutat să înțelegem dexteritatea și responsabilitatea cerute de această profesie. „Mini Knots and Sutures” a fost o activitate riguroasă, ce a combinat teoria cu practica, oferindu-ne o primă experiență valoroasă în lumea medicinei.” Din aceeași clasă, Daria Palaghia afirmă că „Participarea la activitatea organizată de „Societatea Studenților Mediciniști din Iași”, în cadrul programului „Școala Altfel"", a fost o experiență deosebită. Am avut ocazia să învăț și să exersez tehnici de sutură pe un picior de porc, alături de câțiva studenți pasionați și dedicați. Acest moment mi-a oferit o perspectivă fascinantă asupra abilităților practice necesare în domeniul medical.” De asemenea, Cătălina Sidor, elevă a aceleiași clase, ne dezvăluie gândurile și impresiile sale: „A fost o activitate foarte frumoasă. Am învățat lucruri bune, lucruri pe care nu m-am așteptat să le învăț. Am aflat cum decurge pregătirea pentru o operație și am învățat să port mănușile corespunzător. Studenții au fost foarte drăguți și s-au implicat foarte mult, ne-au răspuns la fiecare întrebare. Am învățat să facem suturi de două tipuri și am făcut chiar și două incizii cu bisturiul. Dacă aș putea, aș face asta în fiecare zi!”
![](/gallery/viitorul-chirurgiei/group_photo.webp)
![](/gallery/viitorul-chirurgiei/group_photo1.webp)
![](/gallery/viitorul-chirurgiei/mana_cusuta.webp)
![](/gallery/viitorul-chirurgiei/portrait.webp)",
ziua-down-2026,2026-03-21T00:00:00.000Z,Ziua Mondiala A Sindromului Down,"Ziua de 21 martie nu este doar o altă zi din calendar,ci  un  moment  dedicat  conștientizării,  empatiei  și celebrării  diversității  umane.",Informational,"![](/gallery/ziua-down-2026/ziua-sindrom-down-1-of-27.webp)
![](/gallery/ziua-down-2026/ziua-sindrom-down-2-of-27.webp)
![](/gallery/ziua-down-2026/ziua-sindrom-down-3-of-27.webp)
![](/gallery/ziua-down-2026/ziua-sindrom-down-4-of-27.webp)
![](/gallery/ziua-down-2026/ziua-sindrom-down-5-of-27.webp)
![](/gallery/ziua-down-2026/ziua-sindrom-down-6-of-27.webp)
![](/gallery/ziua-down-2026/ziua-sindrom-down-7-of-27.webp)
![](/gallery/ziua-down-2026/ziua-sindrom-down-8-of-27.webp)
![](/gallery/ziua-down-2026/ziua-sindrom-down-9-of-27.webp)
![](/gallery/ziua-down-2026/ziua-sindrom-down-10-of-27.webp)
![](/gallery/ziua-down-2026/ziua-sindrom-down-11-of-27.webp)
![](/gallery/ziua-down-2026/ziua-sindrom-down-12-of-27.webp)
![](/gallery/ziua-down-2026/ziua-sindrom-down-13-of-27.webp)
![](/gallery/ziua-down-2026/ziua-sindrom-down-14-of-27.webp)
![](/gallery/ziua-down-2026/ziua-sindrom-down-15-of-27.webp)
![](/gallery/ziua-down-2026/ziua-sindrom-down-16-of-27.webp)
![](/gallery/ziua-down-2026/ziua-sindrom-down-17-of-27.webp)
![](/gallery/ziua-down-2026/ziua-sindrom-down-18-of-27.webp)
![](/gallery/ziua-down-2026/ziua-sindrom-down-19-of-27.webp)
![](/gallery/ziua-down-2026/ziua-sindrom-down-20-of-27.webp)
![](/gallery/ziua-down-2026/ziua-sindrom-down-21-of-27.webp)
![](/gallery/ziua-down-2026/ziua-sindrom-down-22-of-27.webp)
![](/gallery/ziua-down-2026/ziua-sindrom-down-23-of-27.webp)
![](/gallery/ziua-down-2026/ziua-sindrom-down-24-of-27.webp)
![](/gallery/ziua-down-2026/ziua-sindrom-down-25-of-27.webp)
![](/gallery/ziua-down-2026/ziua-sindrom-down-26-of-27.webp)
![](/gallery/ziua-down-2026/ziua-sindrom-down-27-of-27.webp)",
